Index,Time(s),Original,Filtered
0,0.000000,0.000000,0.000000
1,0.000063,0.633869,0.000000
2,0.000125,0.692291,-0.000455
3,0.000188,0.304117,-0.001665
4,0.000250,0.137424,-0.003743
5,0.000312,0.569064,-0.006712
6,0.000375,1.214295,-0.010470
7,0.000438,1.397384,-0.014549
8,0.000500,0.982287,-0.017839
9,0.000562,0.537937,-0.018542
10,0.000625,0.634135,-0.014403
11,0.000687,1.137427,-0.003020
12,0.000750,1.376307,0.017969
13,0.000813,0.971772,0.050773
14,0.000875,0.307758,0.097190
15,0.000937,0.060559,0.158150
16,0.001000,0.368124,0.233259
17,0.001063,0.664727,0.320628
18,0.001125,0.384965,0.417045
19,0.001187,-0.332242,0.518279
20,0.001250,-0.809017,0.619312
21,0.001312,-0.659272,0.714534
22,0.001375,-0.259354,0.798101
23,0.001438,-0.277691,0.864514
24,0.001500,-0.844328,0.909208
25,0.001563,-1.385819,0.928882
26,0.001625,-1.329470,0.921509
27,0.001688,-0.807548,0.886259
28,0.001750,-0.492115,0.823518
29,0.001812,-0.764450,0.734967
30,0.001875,-1.244560,0.623501
31,0.001937,-1.261624,0.492899
32,0.002000,-0.684547,0.347423
33,0.002062,-0.087083,0.191600
34,0.002125,-0.043595,0.029810
35,0.002188,-0.424786,-0.133067
36,0.002250,-0.562791,-0.291874
37,0.002313,-0.081606,-0.441705
38,0.002375,0.632543,-0.578274
39,0.002438,0.901879,-0.697820
40,0.002500,0.587785,-0.796846
41,0.002563,0.256187,-0.872141
42,0.002625,0.473527,-0.921201
43,0.002688,1.102746,-0.942627
44,0.002750,1.468583,-0.936087
45,0.002813,1.188258,-0.901953
46,0.002875,0.642008,-0.841066
47,0.002937,0.502617,-0.754931
48,0.003000,0.904827,-0.646051
49,0.003062,1.280090,-0.517931
50,0.003125,1.060661,-0.374648
51,0.003187,0.383664,-0.220407
52,0.003250,-0.074221,-0.059494
53,0.003312,0.072530,0.103473
54,0.003375,0.447662,0.263468
55,0.003437,0.383480,0.415416
56,0.003500,-0.248692,0.554731
57,0.003563,-0.873454,0.677525
58,0.003625,-0.915638,0.780403
59,0.003688,-0.504572,0.860240
60,0.003750,-0.309017,0.914349
61,0.003813,-0.706685,0.940945
62,0.003875,-1.313847,0.939410
63,0.003938,-1.455900,0.910098
64,0.004000,-0.998027,0.853943
65,0.004062,-0.510431,0.772357
66,0.004125,-0.564201,0.667508
67,0.004188,-1.027150,0.542579
68,0.004250,-1.228968,0.401600
69,0.004312,-0.791761,0.248944
70,0.004375,-0.100438,0.088982
71,0.004438,0.167900,-0.073830
72,0.004500,-0.125332,-0.234705
73,0.004562,-0.414834,-0.388590
74,0.004625,-0.135409,-0.530641
75,0.004688,0.574029,-0.656688
76,0.004750,1.035826,-0.763287
77,0.004812,0.864355,-0.847437
78,0.004875,0.436602,-0.906457
79,0.004938,0.421827,-0.938282
80,0.005000,0.951057,-0.941902
81,0.005063,1.451964,-0.917471
82,0.005125,1.353060,-0.865978
83,0.005187,0.787884,-0.788895
84,0.005250,0.429776,-0.688209
85,0.005313,0.661299,-0.566745
86,0.005375,1.103666,-0.428294
87,0.005437,1.087183,-0.277287
88,0.005500,0.481756,-0.118285
89,0.005563,-0.138023,0.044241
90,0.005625,-0.197118,0.205710
91,0.005687,0.175634,0.361254
92,0.005750,0.312619,0.505930
93,0.005813,-0.162136,0.635256
94,0.005875,-0.862592,0.745555
95,0.005937,-1.111388,0.833850
96,0.006000,-0.770514,0.897574
97,0.006063,-0.406691,0.934567
98,0.006125,-0.587327,0.943465
99,0.006187,-1.176452,0.924066
100,0.006250,-1.500000,0.877256
101,0.006313,-1.176450,0.804602
102,0.006375,-0.587328,0.708095
103,0.006438,-0.406692,0.590299
104,0.006500,-0.770516,0.454663
105,0.006562,-1.111389,0.305485
106,0.006625,-0.862597,0.147472
107,0.006688,-0.162133,-0.014734
108,0.006750,0.312619,-0.176609
109,0.006812,0.175634,-0.333507
110,0.006875,-0.197119,-0.480581
111,0.006938,-0.138020,-0.613143
112,0.007000,0.481758,-0.727183
113,0.007062,1.087181,-0.819567
114,0.007125,1.103665,-0.887804
115,0.007188,0.661297,-0.929801
116,0.007250,0.429776,-0.943999
117,0.007312,0.787878,-0.929801
118,0.007375,1.353059,-0.887804
119,0.007438,1.451963,-0.819567
120,0.007500,0.951055,-0.727183
121,0.007562,0.421827,-0.613143
122,0.007625,0.436599,-0.480581
123,0.007688,0.864354,-0.333507
124,0.007750,1.035827,-0.176609
125,0.007812,0.574022,-0.014734
126,0.007875,-0.135415,0.147471
127,0.007938,-0.414831,0.305485
128,0.008000,-0.125334,0.454662
129,0.008062,0.167899,0.590299
130,0.008125,-0.100434,0.708094
131,0.008187,-0.791759,0.804601
132,0.008250,-1.228968,0.877255
133,0.008313,-1.027149,0.924065
134,0.008375,-0.564199,0.943464
135,0.008438,-0.510432,0.934565
136,0.008500,-0.998033,0.897572
137,0.008562,-1.455901,0.833848
138,0.008625,-1.313846,0.745553
139,0.008687,-0.706690,0.635254
140,0.008750,-0.309017,0.505928
141,0.008813,-0.504569,0.361252
142,0.008875,-0.915637,0.205709
143,0.008938,-0.873452,0.044240
144,0.009000,-0.248695,-0.118285
145,0.009062,0.383480,-0.277288
146,0.009125,0.447661,-0.428294
147,0.009187,0.072530,-0.566745
148,0.009250,-0.074220,-0.688209
149,0.009313,0.383668,-0.788895
150,0.009375,1.060665,-0.865978
151,0.009437,1.280091,-0.917471
152,0.009500,0.904832,-0.941902
153,0.009562,0.502619,-0.938282
154,0.009625,0.642007,-0.906458
155,0.009688,1.188259,-0.847437
156,0.009750,1.468583,-0.763287
157,0.009813,1.102742,-0.656689
158,0.009875,0.473523,-0.530641
159,0.009937,0.256187,-0.388590
160,0.010000,0.587786,-0.234705
161,0.010062,0.901881,-0.073830
162,0.010125,0.632542,0.088983
163,0.010188,-0.081613,0.248945
164,0.010250,-0.562791,0.401602
165,0.010313,-0.424787,0.542581
166,0.010375,-0.043596,0.667510
167,0.010437,-0.087081,0.772359
168,0.010500,-0.684546,0.853945
169,0.010562,-1.261624,0.910099
170,0.010625,-1.244559,0.939411
171,0.010688,-0.764449,0.940945
172,0.010750,-0.492115,0.914349
173,0.010812,-0.807547,0.860239
174,0.010875,-1.329471,0.780402
175,0.010937,-1.385821,0.677524
176,0.011000,-0.844332,0.554729
177,0.011063,-0.277692,0.415414
178,0.011125,-0.259353,0.263467
179,0.011188,-0.659273,0.103472
180,0.011250,-0.809016,-0.059495
181,0.011312,-0.332247,-0.220408
182,0.011375,0.384963,-0.374648
183,0.011437,0.664727,-0.517931
184,0.011500,0.368122,-0.646051
185,0.011563,0.060558,-0.754930
186,0.011625,0.307762,-0.841066
187,0.011688,0.971780,-0.901953
188,0.011750,1.376306,-0.936087
189,0.011812,1.137432,-0.942627
190,0.011875,0.634137,-0.921202
191,0.011937,0.537936,-0.872142
192,0.012000,0.982287,-0.796847
193,0.012063,1.397384,-0.697821
194,0.012125,1.214293,-0.578275
195,0.012187,0.569067,-0.441706
196,0.012250,0.137425,-0.291875
197,0.012312,0.304120,-0.133068
198,0.012375,0.692293,0.029810
199,0.012438,0.633868,0.191600
200,0.012500,0.000003,0.347423
201,0.012563,-0.633871,0.492899
202,0.012625,-0.692291,0.623958
203,0.012687,-0.304121,0.736634
204,0.012750,-0.137423,0.827263
205,0.012812,-0.569062,0.892973
206,0.012875,-1.214297,0.931981
207,0.012938,-1.397383,0.943432
208,0.013000,-0.982283,0.927049
209,0.013063,-0.537935,0.883057
210,0.013125,-0.634135,0.812504
211,0.013187,-1.137421,0.717555
212,0.013250,-1.376307,0.601344
213,0.013312,-0.971775,0.467507
214,0.013375,-0.307758,0.319855
215,0.013438,-0.060558,0.162478
216,0.013500,-0.368127,0.000000
217,0.013562,-0.664727,-0.162477
218,0.013625,-0.384967,-0.319855
219,0.013687,0.332244,-0.467506
220,0.013750,0.809017,-0.601343
221,0.013813,0.659268,-0.717553
222,0.013875,0.259352,-0.812503
223,0.013938,0.277695,-0.883054
224,0.014000,0.844336,-0.927046
225,0.014062,1.385817,-0.943430
226,0.014125,1.329473,-0.931978
227,0.014187,0.807550,-0.892970
228,0.014250,0.492115,-0.827261
229,0.014313,0.764452,-0.736632
230,0.014375,1.244562,-0.623957
231,0.014438,1.261622,-0.492899
232,0.014500,0.684558,-0.347423
233,0.014562,0.087086,-0.191601
234,0.014625,0.043591,-0.029811
235,0.014687,0.424785,0.133067
236,0.014750,0.562789,0.291874
237,0.014813,0.081608,0.441705
238,0.014875,-0.632545,0.578274
239,0.014937,-0.901877,0.697821
240,0.015000,-0.587779,0.796848
241,0.015062,-0.256191,0.872143
242,0.015125,-0.473522,0.921203
243,0.015188,-1.102739,0.942628
244,0.015250,-1.468584,0.936089
245,0.015313,-1.188262,0.901955
246,0.015375,-0.642009,0.841068
247,0.015437,-0.502618,0.754932
248,0.015500,-0.904830,0.646052
249,0.015562,-1.280090,0.517932
250,0.015625,-1.060656,0.374649
251,0.015687,-0.383671,0.220408
252,0.015750,0.074223,0.059495
253,0.015812,-0.072529,-0.103473
254,0.015875,-0.447670,-0.263467
255,0.015937,-0.383481,-0.415415
256,0.016000,0.248693,-0.554729
257,0.016062,0.873453,-0.677524
258,0.016125,0.915643,-0.780402
259,0.016188,0.504566,-0.860239
260,0.016250,0.309017,-0.914348
261,0.016313,0.706695,-0.940944
262,0.016375,1.313843,-0.939410
263,0.016438,1.455896,-0.910098
264,0.016500,0.998028,-0.853944
265,0.016562,0.510436,-0.772358
266,0.016625,0.564202,-0.667509
267,0.016687,1.027140,-0.542581
268,0.016750,1.228969,-0.401601
269,0.016812,0.791771,-0.248945
270,0.016875,0.100429,-0.088983
271,0.016937,-0.167902,0.073830
272,0.017000,0.125341,0.234704
273,0.017063,0.414833,0.388590
274,0.017125,0.135412,0.530641
275,0.017188,-0.574028,0.656688
276,0.017250,-1.035827,0.763287
277,0.017313,-0.864352,0.847437
278,0.017375,-0.436607,0.906457
279,0.017438,-0.421830,0.938282
280,0.017500,-0.951051,0.941902
281,0.017562,-1.451962,0.917471
282,0.017625,-1.353061,0.865978
283,0.017687,-0.787882,0.788895
284,0.017750,-0.429776,0.688209
285,0.017812,-0.661301,0.566745
286,0.017875,-1.103666,0.428294
287,0.017938,-1.087181,0.277288
288,0.018000,-0.481763,0.118285
289,0.018063,0.138026,-0.044240
290,0.018125,0.197121,-0.205710
291,0.018188,-0.175630,-0.361253
292,0.018250,-0.312621,-0.505929
293,0.018313,0.162135,-0.635255
294,0.018375,0.862597,-0.745554
295,0.018437,1.111391,-0.833850
296,0.018500,0.770508,-0.897573
297,0.018562,0.406693,-0.934566
298,0.018625,0.587334,-0.943465
299,0.018687,1.176447,-0.924066
300,0.018750,1.500000,-0.877256
301,0.018812,1.176452,-0.804602
302,0.018875,0.587339,-0.708095
303,0.018938,0.406693,-0.590299
304,0.019000,0.770503,-0.454662
305,0.019063,1.111389,-0.305485
306,0.019125,0.862600,-0.147471
307,0.019188,0.162121,0.014735
308,0.019250,-0.312617,0.176610
309,0.019312,-0.175635,0.333508
310,0.019375,0.197117,0.480582
311,0.019437,0.138022,0.613144
312,0.019500,-0.481759,0.727184
313,0.019562,-1.087177,0.819568
314,0.019625,-1.103661,0.887805
315,0.019687,-0.661306,0.929802
316,0.019750,-0.429778,0.944000
317,0.019813,-0.787877,0.929802
318,0.019875,-1.353058,0.887804
319,0.019938,-1.451964,0.819566
320,0.020000,-0.951056,0.727183
321,0.020063,-0.421824,0.613142
322,0.020125,-0.436606,0.480580
323,0.020188,-0.864359,0.333506
324,0.020250,-1.035827,0.176608
325,0.020312,-0.574032,0.014733
326,0.020375,0.135419,-0.147472
327,0.020437,0.414832,-0.305486
328,0.020500,0.125335,-0.454663
329,0.020562,-0.167900,-0.590299
330,0.020625,0.100440,-0.708094
331,0.020688,0.791766,-0.804601
332,0.020750,1.228966,-0.877255
333,0.020813,1.027142,-0.924065
334,0.020875,0.564205,-0.943465
335,0.020938,0.510435,-0.934566
336,0.021000,0.998023,-0.897573
337,0.021063,1.455906,-0.833850
338,0.021125,1.313847,-0.745555
339,0.021187,0.706699,-0.635255
340,0.021250,0.309016,-0.505930
341,0.021312,0.504561,-0.361253
342,0.021375,0.915639,-0.205710
343,0.021437,0.873458,-0.044240
344,0.021500,0.248679,0.118285
345,0.021562,-0.383480,0.277288
346,0.021625,-0.447659,0.428295
347,0.021688,-0.072530,0.566746
348,0.021750,0.074223,0.688210
349,0.021813,-0.383667,0.788896
350,0.021875,-1.060653,0.865979
351,0.021938,-1.280089,0.917472
352,0.022000,-0.904833,0.941903
353,0.022062,-0.502619,0.938283
354,0.022125,-0.642006,0.906458
355,0.022187,-1.188257,0.847438
356,0.022250,-1.468583,0.763287
357,0.022312,-1.102745,0.656688
358,0.022375,-0.473525,0.530640
359,0.022437,-0.256189,0.388589
360,0.022500,-0.587790,0.234704
361,0.022563,-0.901881,0.073830
362,0.022625,-0.632551,-0.088982
363,0.022688,0.081604,-0.248944
364,0.022750,0.562789,-0.401600
365,0.022813,0.424789,-0.542579
366,0.022875,0.043595,-0.667508
367,0.022938,0.087087,-0.772357
368,0.023000,0.684551,-0.853943
369,0.023062,1.261620,-0.910097
370,0.023125,1.244555,-0.939409
371,0.023187,0.764456,-0.940945
372,0.023250,0.492115,-0.914349
373,0.023312,0.807546,-0.860240
374,0.023375,1.329479,-0.780404
375,0.023438,1.385819,-0.677526
376,0.023500,0.844343,-0.554732
377,0.023563,0.277690,-0.415417
378,0.023625,0.259346,-0.263470
379,0.023688,0.659274,-0.103475
380,0.023750,0.809017,0.059493
381,0.023813,0.332230,0.220406
382,0.023875,-0.384960,0.374647
383,0.023937,-0.664729,0.517931
384,0.024000,-0.368128,0.646051
385,0.024062,-0.060563,0.754931
386,0.024125,-0.307763,0.841067
387,0.024187,-0.971762,0.901955
388,0.024250,-1.376307,0.936089
389,0.024312,-1.137434,0.942628
390,0.024375,-0.634138,0.921203
391,0.024438,-0.537936,0.872143
392,0.024500,-0.982287,0.796848
393,0.024563,-1.397384,0.697821
394,0.024625,-1.214296,0.578274
395,0.024688,-0.569062,0.441705
396,0.024750,-0.137423,0.291873
397,0.024813,-0.304120,0.133066
398,0.024875,-0.692298,-0.029812
399,0.024937,-0.633876,-0.191602
400,0.025000,-0.000006,-0.347425
401,0.025062,0.633869,-0.492900
402,0.025125,0.692294,-0.623958
403,0.025187,0.304114,-0.736633
404,0.025250,0.137425,-0.827263
405,0.025313,0.569067,-0.892972
406,0.025375,1.214289,-0.931979
407,0.025438,1.397382,-0.943431
408,0.025500,0.982292,-0.927048
409,0.025563,0.537932,-0.883056
410,0.025625,0.634134,-0.812505
411,0.025688,1.137441,-0.717556
412,0.025750,1.376306,-0.601345
413,0.025812,0.971785,-0.467508
414,0.025875,0.307755,-0.319857
415,0.025937,0.060559,-0.162480
416,0.026000,0.368134,-0.000002
417,0.026062,0.664723,0.162475
418,0.026125,0.384951,0.319853
419,0.026187,-0.332241,0.467505
420,0.026250,-0.809012,0.601342
421,0.026313,-0.659269,0.717554
422,0.026375,-0.259363,0.812504
423,0.026438,-0.277696,0.883056
424,0.026500,-0.844319,0.927049
425,0.026563,-1.385823,0.943433
426,0.026625,-1.329473,0.931981
427,0.026687,-0.807552,0.892974
428,0.026750,-0.492114,0.827264
429,0.026812,-0.764451,0.736635
430,0.026875,-1.244560,0.623959
431,0.026937,-1.261625,0.492900
432,0.027000,-0.684543,0.347424
433,0.027062,-0.087078,0.191601
434,0.027125,-0.043591,0.029810
435,0.027188,-0.424781,-0.133068
436,0.027250,-0.562794,-0.291875
437,0.027313,-0.081610,-0.441707
438,0.027375,0.632546,-0.578275
439,0.027438,0.901883,-0.697822
440,0.027500,0.587783,-0.796848
441,0.027563,0.256187,-0.872143
442,0.027625,0.473531,-0.921202
443,0.027687,1.102753,-0.942627
444,0.027750,1.468584,-0.936088
445,0.027812,1.188249,-0.901953
446,0.027875,0.641999,-0.841065
447,0.027937,0.502612,-0.754930
448,0.028000,0.904843,-0.646050
449,0.028063,1.280082,-0.517929
450,0.028125,1.060669,-0.374646
451,0.028188,0.383671,-0.220405
452,0.028250,-0.074218,-0.059492
453,0.028313,0.072525,0.103475
454,0.028375,0.447663,0.263469
455,0.028438,0.383483,0.415417
456,0.028500,-0.248690,0.554731
457,0.028562,-0.873451,0.677525
458,0.028625,-0.915635,0.780403
459,0.028687,-0.504564,0.860240
460,0.028750,-0.309016,0.914349
461,0.028812,-0.706693,0.940944
462,0.028875,-1.313854,0.939410
463,0.028937,-1.455897,0.910098
464,0.029000,-0.998045,0.853944
465,0.029063,-0.510425,0.772358
466,0.029125,-0.564190,0.667509
467,0.029188,-1.027163,0.542581
468,0.029250,-1.228970,0.401602
469,0.029313,-0.791742,0.248946
470,0.029375,-0.100446,0.088984
471,0.029437,0.167902,-0.073828
472,0.029500,-0.125326,-0.234703
473,0.029562,-0.414834,-0.388589
474,0.029625,-0.135410,-0.530640
475,0.029687,0.574022,-0.656688
476,0.029750,1.035826,-0.763287
477,0.029812,0.864353,-0.847438
478,0.029875,0.436597,-0.906459
479,0.029938,0.421829,-0.938283
480,0.030000,0.951064,-0.941904
481,0.030063,1.451967,-0.917472
482,0.030125,1.353073,-0.865979
483,0.030188,0.787868,-0.788895
484,0.030250,0.429777,-0.688209
485,0.030313,0.661312,-0.566744
486,0.030375,1.103657,-0.428293
487,0.030437,1.087186,-0.277287
488,0.030500,0.481759,-0.118284
489,0.030562,-0.138019,0.044241
490,0.030625,-0.197125,0.205710
491,0.030687,0.175634,0.361253
492,0.030750,0.312618,0.505929
493,0.030813,-0.162136,0.635255
494,0.030875,-0.862594,0.745555
495,0.030938,-1.111388,0.833851
496,0.031000,-0.770507,0.897575
497,0.031063,-0.406689,0.934568
498,0.031125,-0.587334,0.943467
499,0.031188,-1.176461,0.924068
500,0.031250,-1.500000,0.877257
501,0.031312,-1.176468,0.804604
502,0.031375,-0.587339,0.708096
503,0.031438,-0.406697,0.590300
504,0.031500,-0.770528,0.454663
505,0.031562,-1.111383,0.305486
506,0.031625,-0.862605,0.147472
507,0.031688,-0.162106,-0.014734
508,0.031750,0.312620,-0.176609
509,0.031813,0.175643,-0.333507
510,0.031875,-0.197117,-0.480582
511,0.031937,-0.138027,-0.613144
512,0.032000,0.481759,-0.727185
513,0.032063,1.087184,-0.819570
514,0.032125,1.103659,-0.887808
515,0.032187,0.661293,-0.929806
516,0.032250,0.429774,-0.944005
517,0.032313,0.787890,-0.929807
518,0.032375,1.353068,-0.887809
519,0.032437,1.451971,-0.819571
520,0.032500,0.951073,-0.727186
521,0.032563,0.421819,-0.613145
522,0.032625,0.436611,-0.480582
523,0.032688,0.864344,-0.333506
524,0.032750,1.035831,-0.176607
525,0.032812,0.574035,-0.014732
526,0.032875,-0.135428,0.147474
527,0.032938,-0.414839,0.305487
528,0.033000,-0.125335,0.454664
529,0.033062,0.167904,0.590301
530,0.033125,-0.100413,0.708096
531,0.033188,-0.791764,0.804604
532,0.033250,-1.228971,0.877257
533,0.033312,-1.027143,0.924069
534,0.033375,-0.564215,0.943468
535,0.033438,-0.510435,0.934569
536,0.033500,-0.998037,0.897576
537,0.033563,-1.455905,0.833852
538,0.033625,-1.313860,0.745556
539,0.033687,-0.706703,0.635257
540,0.033750,-0.309015,0.505930
541,0.033813,-0.504589,0.361254
542,0.033875,-0.915628,0.205711
543,0.033937,-0.873460,0.044241
544,0.034000,-0.248659,-0.118284
545,0.034063,0.383482,-0.277287
546,0.034125,0.447663,-0.428293
547,0.034187,0.072534,-0.566745
548,0.034250,-0.074224,-0.688210
549,0.034313,0.383671,-0.788897
550,0.034375,1.060664,-0.865982
551,0.034437,1.280086,-0.917476
552,0.034500,0.904821,-0.941908
553,0.034562,0.502625,-0.938289
554,0.034625,0.642016,-0.906463
555,0.034688,1.188270,-0.847442
556,0.034750,1.468584,-0.763291
557,0.034812,1.102759,-0.656691
558,0.034875,0.473514,-0.530641
559,0.034938,0.256189,-0.388589
560,0.035000,0.587774,-0.234703
561,0.035062,0.901879,-0.073827
562,0.035125,0.632550,0.088986
563,0.035188,-0.081633,0.248948
564,0.035250,-0.562796,0.401604
565,0.035312,-0.424790,0.542583
566,0.035375,-0.043591,0.667511
567,0.035437,-0.087071,0.772361
568,0.035500,-0.684551,0.853947
569,0.035563,-1.261629,0.910101
570,0.035625,-1.244556,0.939413
571,0.035687,-0.764471,0.940947
572,0.035750,-0.492115,0.914351
573,0.035813,-0.807558,0.860240
574,0.035875,-1.329480,0.780403
575,0.035937,-1.385826,0.677524
576,0.036000,-0.844345,0.554728
577,0.036063,-0.277681,0.415413
578,0.036125,-0.259367,0.263464
579,0.036187,-0.659266,0.103470
580,0.036250,-0.809018,-0.059498
581,0.036312,-0.332254,-0.220410
582,0.036375,0.384966,-0.374651
583,0.036438,0.664728,-0.517934
584,0.036500,0.368121,-0.646054
585,0.036562,0.060557,-0.754934
586,0.036625,0.307761,-0.841070
587,0.036688,0.971778,-0.901958
588,0.036750,1.376306,-0.936093
589,0.036812,1.137419,-0.942633
590,0.036875,0.634150,-0.921208
591,0.036938,0.537941,-0.872148
592,0.037000,0.982299,-0.796852
593,0.037062,1.397378,-0.697826
594,0.037125,1.214309,-0.578279
595,0.037188,0.569045,-0.441709
596,0.037250,0.137424,-0.291877
597,0.037313,0.304105,-0.133070
598,0.037375,0.692287,0.029809
599,0.037437,0.633878,0.191599
600,0.037500,-0.000030,0.347423
601,0.037563,-0.633867,0.492899
602,0.037625,-0.692294,0.623958
603,0.037687,-0.304115,0.736634
604,0.037750,-0.137419,0.827264
605,0.037813,-0.569070,0.892974
606,0.037875,-1.214298,0.931982
607,0.037937,-1.397382,0.943433
608,0.038000,-0.982309,0.927049
609,0.038063,-0.537933,0.883056
610,0.038125,-0.634143,0.812503
611,0.038188,-1.137440,0.717552
612,0.038250,-1.376306,0.601340
613,0.038312,-0.971787,0.467502
614,0.038375,-0.307740,0.319850
615,0.038438,-0.060565,0.162473
616,0.038500,-0.368118,-0.000005
617,0.038562,-0.664724,-0.162482
618,0.038625,-0.384972,-0.319859
619,0.038688,0.332246,-0.467510
620,0.038750,0.809019,-0.601347
621,0.038812,0.659269,-0.717558
622,0.038875,0.259353,-0.812507
623,0.038938,0.277694,-0.883060
624,0.039000,0.844336,-0.927052
625,0.039062,1.385822,-0.943435
626,0.039125,1.329485,-0.931983
627,0.039187,0.807567,-0.892975
628,0.039250,0.492114,-0.827265
629,0.039313,0.764462,-0.736635
630,0.039375,1.244549,-0.623958
631,0.039437,1.261632,-0.492900
632,0.039500,0.684524,-0.347423
633,0.039563,0.087074,-0.191600
634,0.039625,0.043591,-0.029810
635,0.039687,0.424780,0.133069
636,0.039750,0.562795,0.291876
637,0.039813,0.081577,0.441708
638,0.039875,-0.632544,0.578277
639,0.039937,-0.901876,0.697825
640,0.040000,-0.587784,0.796852
641,0.040062,-0.256193,0.872147
642,0.040125,-0.473533,0.921207
643,0.040188,-1.102751,0.942631
644,0.040250,-1.468582,0.936091
645,0.040312,-1.188279,0.901955
646,0.040375,-0.642001,0.841066
647,0.040438,-0.502621,0.754929
648,0.040500,-0.904841,0.646047
649,0.040562,-1.280087,0.517926
650,0.040625,-1.060671,0.374642
651,0.040688,-0.383645,0.220401
652,0.040750,0.074224,0.059488
653,0.040812,-0.072525,-0.103480
654,0.040875,-0.447663,-0.263474
655,0.040937,-0.383485,-0.415421
656,0.041000,0.248687,-0.554736
657,0.041063,0.873457,-0.677530
658,0.041125,0.915635,-0.780408
659,0.041187,0.504565,-0.860244
660,0.041250,0.309020,-0.914353
661,0.041313,0.706691,-0.940949
662,0.041375,1.313853,-0.939413
663,0.041437,1.455909,-0.910101
664,0.041500,0.998047,-0.853945
665,0.041563,0.510425,-0.772358
666,0.041625,0.564211,-0.667508
667,0.041687,1.027134,-0.542579
668,0.041750,1.228970,-0.401600
669,0.041813,0.791738,-0.248943
670,0.041875,0.100420,-0.088981
671,0.041938,-0.167901,0.073831
672,0.042000,0.125325,0.234706
673,0.042062,0.414835,0.388591
674,0.042125,0.135384,0.530642
675,0.042188,-0.574026,0.656690
676,0.042250,-1.035825,0.763289
677,0.042312,-0.864353,0.847440
678,0.042375,-0.436618,0.906460
679,0.042438,-0.421831,0.938285
680,0.042500,-0.951064,0.941904
681,0.042562,-1.451966,0.917472
682,0.042625,-1.353074,0.865977
683,0.042688,-0.787870,0.788892
684,0.042750,-0.429774,0.688204
685,0.042813,-0.661312,0.566738
686,0.042875,-1.103657,0.428286
687,0.042937,-1.087187,0.277279
688,0.043000,-0.481731,0.118276
689,0.043063,0.138024,-0.044249
690,0.043125,0.197125,-0.205718
691,0.043187,-0.175633,-0.361261
692,0.043250,-0.312627,-0.505936
693,0.043313,0.162133,-0.635262
694,0.043375,0.862592,-0.745560
695,0.043437,1.111387,-0.833855
696,0.043500,0.770508,-0.897578
697,0.043563,0.406693,-0.934570
698,0.043625,0.587332,-0.943467
699,0.043688,1.176458,-0.924067
700,0.043750,1.500000,-0.877255
701,0.043812,1.176470,-0.804601
702,0.043875,0.587316,-0.708092
703,0.043938,0.406697,-0.590296
704,0.044000,0.770501,-0.454659
705,0.044062,1.111384,-0.305482
706,0.044125,0.862607,-0.147469
707,0.044188,0.162109,0.014736
708,0.044250,-0.312619,0.176610
709,0.044312,-0.175635,0.333508
710,0.044375,0.197117,0.480582
711,0.044438,0.138010,0.613143
712,0.044500,-0.481757,0.727184
713,0.044562,-1.087182,0.819567
714,0.044625,-1.103659,0.887805
715,0.044687,-0.661322,0.929802
716,0.044750,-0.429777,0.944000
717,0.044813,-0.787889,0.929802
718,0.044875,-1.353066,0.887804
719,0.044937,-1.451972,0.819566
720,0.045000,-0.951042,0.727182
721,0.045063,-0.421820,0.613141
722,0.045125,-0.436611,0.480578
723,0.045187,-0.864343,0.333503
724,0.045250,-1.035832,0.176605
725,0.045313,-0.574002,0.014729
726,0.045375,0.135404,-0.147476
727,0.045437,0.414838,-0.305490
728,0.045500,0.125336,-0.454667
729,0.045562,-0.167905,-0.590304
730,0.045625,0.100439,-0.708099
731,0.045688,0.791761,-0.804606
732,0.045750,1.228970,-0.877259
733,0.045812,1.027144,-0.924069
734,0.045875,0.564201,-0.943467
735,0.045938,0.510434,-0.934567
736,0.046000,0.998035,-0.897573
737,0.046062,1.455893,-0.833848
738,0.046125,1.313861,-0.745552
739,0.046188,0.706670,-0.635252
740,0.046250,0.309016,-0.505926
741,0.046312,0.504555,-0.361250
742,0.046375,0.915634,-0.205707
743,0.046437,0.873462,-0.044238
744,0.046500,0.248669,0.118287
745,0.046563,-0.383480,0.277289
746,0.046625,-0.447670,0.428295
747,0.046687,-0.072527,0.566746
748,0.046750,0.074211,0.688210
749,0.046813,-0.383662,0.788895
750,0.046875,-1.060662,0.865978
751,0.046937,-1.280091,0.917471
752,0.047000,-0.904849,0.941901
753,0.047063,-0.502618,0.938280
754,0.047125,-0.642014,0.906455
755,0.047187,-1.188268,0.847434
756,0.047250,-1.468582,0.763283
757,0.047313,-1.102730,0.656684
758,0.047375,-0.473511,0.530635
759,0.047438,-0.256195,0.388585
760,0.047500,-0.587773,0.234700
761,0.047562,-0.901872,0.073825
762,0.047625,-0.632524,-0.088987
763,0.047688,0.081610,-0.248949
764,0.047750,0.562787,-0.401606
765,0.047812,0.424790,-0.542585
766,0.047875,0.043598,-0.667513
767,0.047938,0.087087,-0.772362
768,0.048000,0.684554,-0.853948
769,0.048062,1.261623,-0.910101
770,0.048125,1.244578,-0.939412
771,0.048188,0.764446,-0.940945
772,0.048250,0.492115,-0.914348
773,0.048313,0.807557,-0.860237
774,0.048375,1.329458,-0.780399
775,0.048437,1.385827,-0.677519
776,0.048500,0.844313,-0.554724
777,0.048563,0.277682,-0.415409
778,0.048625,0.259339,-0.263461
779,0.048687,0.659266,-0.103467
780,0.048750,0.809019,0.059500
781,0.048813,0.332221,0.220413
782,0.048875,-0.384963,0.374653
783,0.048937,-0.664720,0.517936
784,0.049000,-0.368122,0.646055
785,0.049063,-0.060545,0.754934
786,0.049125,-0.307759,0.841069
787,0.049188,-0.971776,0.901955
788,0.049250,-1.376302,0.936088
789,0.049312,-1.137448,0.942625
790,0.049375,-0.634129,0.921199
791,0.049438,-0.537940,0.872137
792,0.049500,-0.982298,0.796841
793,0.049562,-1.397380,0.697814
794,0.049625,-1.214281,0.578268
795,0.049688,-0.569052,0.441700
796,0.049750,-0.137425,0.291869
797,0.049812,-0.304105,0.133064
798,0.049875,-0.692294,-0.029813
799,0.049938,-0.633853,-0.191602
800,0.050000,-0.000011,-0.347424
801,0.050062,0.633865,-0.492899
802,0.050125,0.692295,-0.623957
803,0.050187,0.304109,-0.736632
804,0.050250,0.137429,-0.827262
805,0.050313,0.569063,-0.892972
806,0.050375,1.214297,-0.931979
807,0.050437,1.397394,-0.943430
808,0.050500,0.982281,-0.927046
809,0.050563,0.537934,-0.883053
810,0.050625,0.634143,-0.812501
811,0.050687,1.137411,-0.717551
812,0.050750,1.376307,-0.601339
813,0.050813,0.971756,-0.467503
814,0.050875,0.307742,-0.319851
815,0.050937,0.060560,-0.162475
816,0.051000,0.368118,0.000002
817,0.051062,0.664724,0.162479
818,0.051125,0.384945,0.319856
819,0.051188,-0.332243,0.467507
820,0.051250,-0.809010,0.601343
821,0.051312,-0.659270,0.717554
822,0.051375,-0.259331,0.812503
823,0.051438,-0.277693,0.883054
824,0.051500,-0.844334,0.927046
825,0.051562,-1.385818,0.943428
826,0.051625,-1.329486,0.931975
827,0.051688,-0.807541,0.892966
828,0.051750,-0.492115,0.827256
829,0.051812,-0.764461,0.736625
830,0.051875,-1.244551,0.623950
831,0.051937,-1.261634,0.492892
832,0.052000,-0.684532,0.347417
833,0.052063,-0.087087,0.191596
834,0.052125,-0.043584,0.029807
835,0.052187,-0.424787,-0.133069
836,0.052250,-0.562781,-0.291875
837,0.052313,-0.081616,-0.441705
838,0.052375,0.632542,-0.578273
839,0.052437,0.901882,-0.697820
840,0.052500,0.587778,-0.796846
841,0.052563,0.256192,-0.872141
842,0.052625,0.473527,-0.921201
843,0.052687,1.102749,-0.942627
844,0.052750,1.468584,-0.936088
845,0.052813,1.188252,-0.901953
846,0.052875,0.642001,-0.841066
847,0.052938,0.502623,-0.754930
848,0.053000,0.904810,-0.646050
849,0.053062,1.280082,-0.517929
850,0.053125,1.060646,-0.374646
851,0.053188,0.383641,-0.220405
852,0.053250,-0.074216,-0.059493
853,0.053312,0.072524,0.103475
854,0.053375,0.447655,0.263469
855,0.053438,0.383467,0.415416
856,0.053500,-0.248692,0.554731
857,0.053562,-0.873448,0.677525
858,0.053625,-0.915635,0.780402
859,0.053688,-0.504543,0.860238
860,0.053750,-0.309019,0.914346
861,0.053813,-0.706692,0.940941
862,0.053875,-1.313849,0.939404
863,0.053937,-1.455909,0.910091
864,0.054000,-0.998018,0.853936
865,0.054063,-0.510426,0.772349
866,0.054125,-0.564208,0.667499
867,0.054187,-1.027137,0.542571
868,0.054250,-1.228971,0.401593
869,0.054313,-0.791747,0.248938
870,0.054375,-0.100443,0.088977
871,0.054437,0.167908,-0.073833
872,0.054500,-0.125332,-0.234706
873,0.054563,-0.414820,-0.388590
874,0.054625,-0.135415,-0.530639
875,0.054688,0.574024,-0.656686
876,0.054750,1.035830,-0.763284
877,0.054812,0.864348,-0.847434
878,0.054875,0.436607,-0.906455
879,0.054938,0.421826,-0.938280
880,0.055000,0.951062,-0.941900
881,0.055062,1.451967,-0.917469
882,0.055125,1.353054,-0.865975
883,0.055188,0.787870,-0.788892
884,0.055250,0.429777,-0.688206
885,0.055312,0.661311,-0.566742
886,0.055375,1.103673,-0.428290
887,0.055438,1.087171,-0.277284
888,0.055500,0.481727,-0.118282
889,0.055562,-0.138027,0.044243
890,0.055625,-0.197103,0.205712
891,0.055687,0.175597,0.361255
892,0.055750,0.312613,0.505930
893,0.055813,-0.162166,0.635256
894,0.055875,-0.862568,0.745555
895,0.055937,-1.111399,0.833850
896,0.056000,-0.770483,0.897574
897,0.056063,-0.406681,0.934566
898,0.056125,-0.587312,0.943464
899,0.056187,-1.176428,0.924065
900,0.056250,-1.500000,0.877253
901,0.056313,-1.176414,0.804598
902,0.056375,-0.587339,0.708089
903,0.056437,-0.406689,0.590292
904,0.056500,-0.770501,0.454655
905,0.056562,-1.111384,0.305477
906,0.056625,-0.862603,0.147464
907,0.056688,-0.162140,-0.014741
908,0.056750,0.312610,-0.176614
909,0.056812,0.175636,-0.333509
910,0.056875,-0.197118,-0.480580
911,0.056938,-0.138024,-0.613139
912,0.057000,0.481754,-0.727176
913,0.057062,1.087175,-0.819557
914,0.057125,1.103660,-0.887792
915,0.057188,0.661294,-0.929789
916,0.057250,0.429776,-0.943987
917,0.057312,0.787887,-0.929790
918,0.057375,1.353065,-0.887795
919,0.057438,1.451959,-0.819560
920,0.057500,0.951047,-0.727178
921,0.057563,0.421822,-0.613141
922,0.057625,0.436610,-0.480581
923,0.057687,0.864377,-0.333508
924,0.057750,1.035820,-0.176611
925,0.057813,0.574012,-0.014737
926,0.057875,-0.135423,0.147468
927,0.057937,-0.414849,0.305482
928,0.058000,-0.125359,0.454659
929,0.058063,0.167902,0.590296
930,0.058125,-0.100452,0.708092
931,0.058187,-0.791731,0.804600
932,0.058250,-1.228969,0.877254
933,0.058313,-1.027121,0.924065
934,0.058375,-0.564180,0.943465
935,0.058438,-0.510419,0.934566
936,0.058500,-0.998003,0.897573
937,0.058562,-1.455892,0.833848
938,0.058625,-1.313817,0.745552
939,0.058688,-0.706700,0.635251
940,0.058750,-0.309021,0.505924
941,0.058812,-0.504560,0.361247
942,0.058875,-0.915628,0.205704
943,0.058938,-0.873456,0.044235
944,0.059000,-0.248695,-0.118289
945,0.059062,0.383471,-0.277289
946,0.059125,0.447662,-0.428292
947,0.059188,0.072535,-0.566740
948,0.059250,-0.074219,-0.688201
949,0.059313,0.383666,-0.788884
950,0.059375,1.060655,-0.865965
951,0.059437,1.280086,-0.917457
952,0.059500,0.904823,-0.941888
953,0.059563,0.502616,-0.938269
954,0.059625,0.642014,-0.906446
955,0.059687,1.188267,-0.847428
956,0.059750,1.468585,-0.763280
957,0.059813,1.102735,-0.656683
958,0.059875,0.473517,-0.530638
959,0.059937,0.256190,-0.388589
960,0.060000,0.587809,-0.234705
961,0.060063,0.901877,-0.073831
962,0.060125,0.632533,0.088981
963,0.060187,-0.081628,0.248943
964,0.060250,-0.562793,0.401599
965,0.060312,-0.424811,0.542578
966,0.060375,-0.043584,0.667507
967,0.060438,-0.087091,0.772357
968,0.060500,-0.684516,0.853943
969,0.060562,-1.261615,0.910098
970,0.060625,-1.244539,0.939410
971,0.060688,-0.764421,0.940945
972,0.060750,-0.492114,0.914349
973,0.060812,-0.807527,0.860239
974,0.060875,-1.329455,0.780402
975,0.060938,-1.385802,0.677523
976,0.061000,-0.844341,0.554728
977,0.061062,-0.277701,0.415412
978,0.061125,-0.259345,0.263464
979,0.061187,-0.659259,0.103470
980,0.061250,-0.809013,-0.059496
981,0.061313,-0.332245,-0.220407
982,0.061375,0.384953,-0.374646
983,0.061437,0.664727,-0.517926
984,0.061500,0.368129,-0.646043
985,0.061563,0.060563,-0.754920
986,0.061625,0.307763,-0.841054
987,0.061687,0.971769,-0.901940
988,0.061750,1.376305,-0.936074
989,0.061813,1.137423,-0.942614
990,0.061875,0.634131,-0.921190
991,0.061937,0.537940,-0.872132
992,0.062000,0.982298,-0.796839
993,0.062062,1.397389,-0.697815
994,0.062125,1.214287,-0.578270
995,0.062188,0.569050,-0.441703
996,0.062250,0.137420,-0.291873
997,0.062312,0.304139,-0.133067
998,0.062375,0.692294,0.029811
999,0.062438,0.633862,0.191601
